subjId,task,measIndex,src,det,chromophore,roi,term,beta,SE,t,p
sub-002,cate,1,2,2,HbO,LeftFrontal,task,2.03497609247275e-09,1.3828312161489e-10,14.7160121112976,5.45878298468252e-48
sub-002,cate,1,2,2,HbO,LeftFrontal,intercept,-4.15691654946396e-08,5.74103464475897e-09,-7.24070974429467,5.16615909081162e-13
sub-002,cate,1,2,2,HbO,LeftFrontal,dct01,3.55542205357589e-08,7.88923363585785e-09,4.5066760824726,6.74027133215069e-06
sub-002,cate,1,2,2,HbO,LeftFrontal,dct02,-3.40861451606821e-08,7.12638196577156e-09,-4.78309264426183,1.77742535678525e-06
sub-002,cate,1,2,2,HbO,LeftFrontal,dct03,-8.32847768193235e-09,6.58278606330755e-09,-1.26519039231053,0.205863955242822
sub-002,cate,2,2,2,HbR,LeftFrontal,task,-2.60038982847638e-09,7.51601796848216e-11,-34.5979724819833,1.35137832949843e-234
sub-002,cate,2,2,2,HbR,LeftFrontal,intercept,3.76647403407689e-08,2.43465031427229e-09,15.4702875069871,9.87665627570624e-53
sub-002,cate,2,2,2,HbR,LeftFrontal,dct01,-1.43321649748595e-08,3.34939508307213e-09,-4.27903087554358,1.91331221811576e-05
sub-002,cate,2,2,2,HbR,LeftFrontal,dct02,2.97418797496327e-08,3.12920853944708e-09,9.50460136315747,3.07257088129536e-21
sub-002,cate,2,2,2,HbR,LeftFrontal,dct03,-3.90410945927897e-09,2.93422217903426e-09,-1.33054323124363,0.183401996473712
sub-002,cate,3,2,2,HbT,LeftFrontal,task,-2.10548381990215e-10,8.7250145037386e-11,-2.41315795979476,0.0158518620302252
sub-002,cate,3,2,2,HbT,LeftFrontal,intercept,1.24099391375541e-08,3.8396519867402e-09,3.23204789923941,0.00123729454953406
sub-002,cate,3,2,2,HbT,LeftFrontal,dct01,-1.2114192403632e-08,5.27128034090004e-09,-2.29814990290643,0.0215956694430998
sub-002,cate,3,2,2,HbT,LeftFrontal,dct02,2.1504326930731e-08,4.67052281256191e-09,4.60426547385501,4.24520728112639e-06
sub-002,cate,3,2,2,HbT,LeftFrontal,dct03,-7.52643460559743e-09,4.25884599371586e-09,-1.7672474225889,0.0772497676129727
sub-002,cate,4,2,5,HbO,LeftFrontal,task,2.35705580208219e-09,6.06294793124609e-11,38.8763985574549,5.43039851457482e-288
sub-002,cate,4,2,5,HbO,LeftFrontal,intercept,-2.85146576509081e-08,4.66902949580074e-09,-6.10719158586463,1.09322928932153e-09
sub-002,cate,4,2,5,HbO,LeftFrontal,dct01,1.44230067077544e-08,6.33632041520262e-09,2.27624327096046,0.0228749126649658
sub-002,cate,4,2,5,HbO,LeftFrontal,dct02,-1.15791363376969e-08,4.79052021694669e-09,-2.41709372120697,0.0156816991033446
sub-002,cate,4,2,5,HbO,LeftFrontal,dct03,-1.55612240043042e-08,4.27336888316609e-09,-3.64144178275924,0.000273948517106315
sub-002,cate,5,3,3,HbO,RightFrontal,task,-8.0320297011385e-11,1.08495750770177e-10,-0.740308228121532,0.459148876535463
sub-002,cate,5,3,3,HbO,RightFrontal,intercept,-1.17391300669039e-09,3.86310603242721e-09,-0.303878018577919,0.761233879488336
sub-002,cate,5,3,3,HbO,RightFrontal,dct01,1.08991305645677e-08,5.31236452939019e-09,2.05165336532709,0.0402570240530626
sub-002,cate,5,3,3,HbO,RightFrontal,dct02,8.34684531798939e-09,4.88908799416871e-09,1.70723974040655,0.0878415987139288
sub-002,cate,5,3,3,HbO,RightFrontal,dct03,-1.90455446584475e-08,4.54870304796717e-09,-4.1870274796151,2.87649595328278e-05
sub-002,cate,6,3,6,HbR,RightFrontal,task,6.52955426102105e-10,4.10426398464623e-11,15.9091965951695,1.37126285103676e-55
sub-002,cate,6,3,6,HbR,RightFrontal,intercept,-5.82441451161797e-09,1.01744485167225e-09,-5.72455057593056,1.09957723545302e-08
sub-002,cate,6,3,6,HbR,RightFrontal,dct01,1.51096860671031e-09,1.39278694309587e-09,1.08485265043607,0.278040921705617
sub-002,cate,6,3,6,HbR,RightFrontal,dct02,2.42946820544153e-09,1.33623989494734e-09,1.81813775702099,0.0691048297025458
sub-002,cate,6,3,6,HbR,RightFrontal,dct03,-3.05446216508551e-09,1.28027117964018e-09,-2.3857931145056,0.0170805399127237
sub-002,cate,7,3,6,HbT,RightFrontal,task,2.73665295692726e-09,6.1719172624413e-11,44.3404025128616,0
sub-002,cate,7,3,6,HbT,RightFrontal,intercept,-3.37551299323997e-08,2.54848117094209e-09,-13.2451949487708,2.31018290027977e-39
sub-002,cate,7,3,6,HbT,RightFrontal,dct01,1.72552872643021e-08,3.5012607676873e-09,4.9283068040944,8.57121473611242e-07
sub-002,cate,7,3,6,HbT,RightFrontal,dct02,-1.16694781524265e-08,3.13053825021967e-09,-3.72762675926661,0.000195497322689328
sub-002,cate,7,3,6,HbT,RightFrontal,dct03,-1.25505124329274e-08,2.87203533373815e-09,-4.36990182032059,1.26903075596332e-05
sub-002,cate,8,5,2,HbO,LeftFrontal,task,-1.24080045045655e-09,3.93286597816236e-11,-31.5495228504155,7.45057892397606e-199
sub-002,cate,8,5,2,HbO,LeftFrontal,intercept,8.43567525179315e-09,5.94406399278091e-09,1.41917638538857,0.155911954208979
sub-002,cate,8,5,2,HbO,LeftFrontal,dct01,-1.93661439116716e-08,7.71287975638642e-09,-2.51088368072068,0.0120752516150698
sub-002,cate,8,5,2,HbO,LeftFrontal,dct02,-1.12686019534361e-08,4.75901344638376e-09,-2.36784410895051,0.0179311375696044
sub-002,cate,8,5,2,HbO,LeftFrontal,dct03,-1.98006034902128e-09,4.17370793941761e-09,-0.474412771032939,0.635226977002932
sub-002,cate,9,5,2,HbR,LeftFrontal,task,-4.14237761877303e-10,2.32052485181101e-11,-17.8510375165351,4.44633892085032e-69
sub-002,cate,9,5,2,HbR,LeftFrontal,intercept,7.58773078769611e-09,2.97758572991655e-09,2.54828289626064,0.0108560740816771
sub-002,cate,9,5,2,HbR,LeftFrontal,dct01,-1.84144290930874e-08,3.84462193694864e-09,-4.78965926821464,1.72050477406754e-06
sub-002,cate,9,5,2,HbR,LeftFrontal,dct02,1.42707621273719e-08,2.54108029059865e-09,5.61602172909299,2.06314654558099e-08
sub-002,cate,9,5,2,HbR,LeftFrontal,dct03,-9.2325688962078e-09,2.22448405792932e-09,-4.1504315858312,3.37546048011417e-05
sub-002,cate,10,5,2,HbT,LeftFrontal,task,2.56217969833439e-10,9.66699932161348e-11,2.65043951395121,0.00806485781322137
sub-002,cate,10,5,2,HbT,LeftFrontal,intercept,-1.50518052030281e-09,2.67436350016879e-09,-0.562818225797583,0.573584720337479
sub-002,cate,10,5,2,HbT,LeftFrontal,dct01,1.11432255610285e-09,3.67177695836352e-09,0.303483182322571,0.761534698297477
sub-002,cate,10,5,2,HbT,LeftFrontal,dct02,7.34702635749169e-09,3.48896243418011e-09,2.10579119038815,0.0352738382872026
sub-002,cate,10,5,2,HbT,LeftFrontal,dct03,-1.36389716927759e-08,3.30941527774352e-09,-4.12126328916793,3.83097173724959e-05
sub-002,cate,11,5,5,HbO,LeftFrontal,task,1.74335611859043e-09,1.00704345620837e-10,17.3116274957424,3.40365002056658e-65
sub-002,cate,11,5,5,HbO,LeftFrontal,intercept,-2.54804250312303e-08,2.94733105204914e-09,-8.64525381820103,7.19655793491035e-18
sub-002,cate,11,5,5,HbO,LeftFrontal,dct01,1.1804448949342e-08,4.05137091696958e-09,2.91369247379891,0.00358816392318155
sub-002,cate,11,5,5,HbO,LeftFrontal,dct02,-2.03392021363192e-08,3.82938390188612e-09,-5.31135103124588,1.13686007071163e-07
sub-002,cate,11,5,5,HbO,LeftFrontal,dct03,-1.23443395065983e-08,3.61829402664849e-09,-3.41164632163199,0.000651004070855312
sub-002,cate,12,5,5,HbR,LeftFrontal,task,-2.2797881426495e-10,1.64037368736604e-11,-13.8979804431646,4.33732469788243e-43
sub-002,cate,12,5,5,HbR,LeftFrontal,intercept,3.1957783899696e-08,9.0015616162809e-09,3.55024886369658,0.00038852345285476
sub-002,cate,12,5,5,HbR,LeftFrontal,dct01,-4.69173057663951e-08,8.54224236011249e-09,-5.49238757091145,4.16802328612265e-08
sub-002,cate,12,5,5,HbR,LeftFrontal,dct02,1.03369961562128e-07,4.20313417034147e-09,24.5935431449075,5.92813242968644e-126
sub-002,cate,12,5,5,HbR,LeftFrontal,dct03,-7.08188993541003e-08,3.27814829838469e-09,-21.6033238609115,6.81485997955973e-99
sub-002,cate,13,5,5,HbT,LeftFrontal,task,9.9428996434402e-10,6.62564796047919e-11,15.0066826712615,8.6065933233102e-50
sub-002,cate,13,5,5,HbT,LeftFrontal,intercept,-5.40787620560761e-09,2.21887262695988e-09,-2.43721795469488,0.0148365112559552
sub-002,cate,13,5,5,HbT,LeftFrontal,dct01,-2.88783017902782e-09,3.05027621283602e-09,-0.946743828272141,0.343816565182465
sub-002,cate,13,5,5,HbT,LeftFrontal,dct02,2.76046852778882e-10,2.82743329929014e-09,0.0976316056149537,0.922228866863519
sub-002,cate,13,5,5,HbT,LeftFrontal,dct03,-8.36721569518636e-09,2.6293794615083e-09,-3.18220166304434,0.00147084097836049
sub-002,cate,14,5,8,HbO,LeftFrontal,task,6.90463097312218e-10,4.23043507485695e-11,16.3213259415302,2.44955433161881e-58
sub-002,cate,14,5,8,HbO,LeftFrontal,intercept,-1.17738473183388e-08,1.98688858542874e-09,-5.92577128113006,3.32346256022992e-09
sub-002,cate,14,5,8,HbO,LeftFrontal,dct01,-4.8709000194583e-09,2.72689787859901e-09,-1.78624218298956,0.0741225928802039
sub-002,cate,14,5,8,HbO,LeftFrontal,dct02,-1.08997122052543e-08,2.36837441352283e-09,-4.60219133555052,4.28752850888426e-06
sub-002,cate,14,5,8,HbO,LeftFrontal,dct03,-4.68530653228123e-09,2.15966743411152e-09,-2.16945741658078,0.0300964539345822
sub-002,cate,15,5,8,HbR,LeftFrontal,task,6.25899255341466e-10,5.66733445992841e-11,11.043979489246,5.05107648701539e-28
sub-002,cate,15,5,8,HbR,LeftFrontal,intercept,-8.77376512627008e-09,1.16539944446955e-09,-7.52854754471213,6.08350491563225e-14
sub-002,cate,15,5,8,HbR,LeftFrontal,dct01,7.86651798960494e-09,1.57402887515258e-09,4.99769611205028,6.00635113968275e-07
sub-002,cate,15,5,8,HbR,LeftFrontal,dct02,-1.33221221930166e-09,1.52592609257981e-09,-0.873051601764897,0.382678236596344
sub-002,cate,15,5,8,HbR,LeftFrontal,dct03,2.55586961315022e-09,1.480212940853e-09,1.72669049338088,0.0842870323840417
sub-002,cate,16,5,8,HbT,LeftFrontal,task,1.67421582873698e-09,5.36110065210722e-11,31.2289572119657,3.21441087659416e-195
sub-002,cate,16,5,8,HbT,LeftFrontal,intercept,-2.15393873060397e-08,1.46578427736592e-09,-14.6947867013194,7.36973136510159e-48
sub-002,cate,16,5,8,HbT,LeftFrontal,dct01,4.50097179725406e-09,2.009355260616e-09,2.24000796945893,0.0251355893915764
sub-002,cate,16,5,8,HbT,LeftFrontal,dct02,-1.81295163265467e-08,1.90773236814224e-09,-9.50317593248227,3.11415491730534e-21
sub-002,cate,16,5,8,HbT,LeftFrontal,dct03,-3.11960675327235e-09,1.80297967188672e-09,-1.73025065224825,0.0836492064077057
sub-002,cate,17,6,3,HbO,RightFrontal,task,-1.51072450262526e-10,1.18802666842934e-10,-1.27162507607893,0.203567425449073
sub-002,cate,17,6,3,HbO,RightFrontal,intercept,-3.37741713179937e-09,2.9180409710359e-09,-1.15742622030437,0.247155346732208
sub-002,cate,17,6,3,HbO,RightFrontal,dct01,4.12558010597554e-09,3.98691683537945e-09,1.03477957437326,0.30082353032613
sub-002,cate,17,6,3,HbO,RightFrontal,dct02,-6.02412484466658e-10,3.82293618460556e-09,-0.157578482971411,0.874795528999602
sub-002,cate,17,6,3,HbO,RightFrontal,dct03,-1.25182816028196e-08,3.64596010707217e-09,-3.43346642179039,0.000600911468809844
sub-002,cate,18,6,3,HbR,RightFrontal,task,-8.57601709841051e-10,4.10283158032591e-11,-20.9026788706966,5.77652413931021e-93
sub-002,cate,18,6,3,HbR,RightFrontal,intercept,5.53620564769234e-09,1.49913687511082e-09,3.69292873759982,0.000224128503961323
sub-002,cate,18,6,3,HbR,RightFrontal,dct01,4.17167891724429e-09,2.06197926420062e-09,2.02314300132478,0.0431132358849892
sub-002,cate,18,6,3,HbR,RightFrontal,dct02,-9.36265385165639e-09,1.89353656348737e-09,-4.94453290852381,7.8905645044339e-07
sub-002,cate,18,6,3,HbR,RightFrontal,dct03,2.13726797158888e-09,1.7606630277878e-09,1.21389950141355,0.224845295956117
sub-002,cate,19,6,3,HbT,RightFrontal,task,-1.38639974453697e-09,8.75367218375591e-11,-15.8379216794262,4.03658608613459e-55
sub-002,cate,19,6,3,HbT,RightFrontal,intercept,6.17327723239279e-09,2.81284278872152e-09,2.19467552795534,0.0282341951269685
sub-002,cate,19,6,3,HbT,RightFrontal,dct01,8.60716662798877e-09,3.86677394530885e-09,2.22592961205579,0.0260647457566124
sub-002,cate,19,6,3,HbT,RightFrontal,dct02,-8.25802002712648e-09,3.60855671253098e-09,-2.28845510407246,0.0221539068957881
sub-002,cate,19,6,3,HbT,RightFrontal,dct03,-1.60284725721637e-09,3.36458071816138e-09,-0.476388409576414,0.633819181506534
sub-002,cate,20,6,6,HbO,RightFrontal,task,2.63039613698927e-09,8.99742790153531e-11,29.2349787714378,3.56380200359333e-173
sub-002,cate,20,6,6,HbO,RightFrontal,intercept,-3.24174264119613e-08,2.70859171719864e-09,-11.9683694689464,1.49201812325861e-32
sub-002,cate,20,6,6,HbO,RightFrontal,dct01,1.57481893698274e-08,3.72325865675463e-09,4.22967911220927,2.38344444747438e-05
sub-002,cate,20,6,6,HbO,RightFrontal,dct02,-2.12715861789071e-08,3.5058375487613e-09,-6.06747628292786,1.39825230984832e-09
sub-002,cate,20,6,6,HbO,RightFrontal,dct03,5.90448988519638e-09,3.30290974866456e-09,1.78766310147702,0.0738928840247672
sub-002,cate,21,6,6,HbR,RightFrontal,task,3.23141119877738e-10,3.0070704214973e-11,10.7460443083617,1.23246965632513e-26
sub-002,cate,21,6,6,HbR,RightFrontal,intercept,1.00826577427057e-10,7.60027325699566e-10,0.13266177940938,0.894466382551543
sub-002,cate,21,6,6,HbR,RightFrontal,dct01,-3.13864961480214e-09,1.03965750166971e-09,-3.01892653086367,0.00254993583084551
sub-002,cate,21,6,6,HbR,RightFrontal,dct02,1.01448241227205e-08,9.94734084107185e-10,10.1985287171756,3.52812415282389e-24
sub-002,cate,21,6,6,HbR,RightFrontal,dct03,6.03360497257905e-10,9.462659824187e-10,0.637622516785067,0.523749577745352
sub-002,cate,22,6,6,HbT,RightFrontal,task,3.06829348315214e-09,6.95362309463148e-11,44.1251048754858,0
sub-002,cate,22,6,6,HbT,RightFrontal,intercept,-3.69884821297471e-08,3.57767444607012e-09,-10.3386942236673,8.51309283866583e-25
sub-002,cate,22,6,6,HbT,RightFrontal,dct01,2.06072125644295e-08,4.8997877731377e-09,4.20573574174075,2.64934082615678e-05
sub-002,cate,22,6,6,HbT,RightFrontal,dct02,-2.05315345095464e-08,4.18556751601624e-09,-4.90531676552383,9.63318313368559e-07
sub-002,cate,22,6,6,HbT,RightFrontal,dct03,1.11391263089486e-08,3.81706702508675e-09,2.91824226185691,0.00353631069225912
sub-002,cate,23,7,8,HbO,LeftFrontal,task,-1.53666579131921e-10,9.58940459325878e-11,-1.60246215119494,0.109118665062941
sub-002,cate,23,7,8,HbO,LeftFrontal,intercept,-1.85486183509239e-08,7.23357172105862e-09,-2.56424060840159,0.0103700762850402
sub-002,cate,23,7,8,HbO,LeftFrontal,dct01,5.3302266828914e-08,9.77722898923598e-09,5.45167417962655,5.23738768809232e-08
sub-002,cate,23,7,8,HbO,LeftFrontal,dct02,-4.46255856746002e-08,7.54489829339256e-09,-5.91467027642785,3.55381878621507e-09
sub-002,cate,23,7,8,HbO,LeftFrontal,dct03,1.7330230810259e-08,6.77218871707342e-09,2.55902951531278,0.0105266089771865
sub-002,cate,24,7,8,HbR,LeftFrontal,task,-5.96236713857074e-10,3.19399543650498e-11,-18.6674253520382,3.74309431730079e-75
sub-002,cate,24,7,8,HbR,LeftFrontal,intercept,9.1389217674866e-09,1.04662170651309e-09,8.73182899859173,3.39863136661544e-18
sub-002,cate,24,7,8,HbR,LeftFrontal,dct01,-3.69648693677471e-09,1.43865978120098e-09,-2.56939617349205,0.0102172539678967
sub-002,cate,24,7,8,HbR,LeftFrontal,dct02,6.70025400691432e-09,1.33777191772342e-09,5.0085174596254,5.67998967190779e-07
sub-002,cate,24,7,8,HbR,LeftFrontal,dct03,-5.16340742017017e-09,1.24579864668611e-09,-4.14465646908922,3.46135061603972e-05
sub-002,cate,25,7,8,HbT,LeftFrontal,task,5.23072178652777e-11,5.41504376540616e-11,0.965961128503537,0.334111864515355
sub-002,cate,25,7,8,HbT,LeftFrontal,intercept,-9.08328174335386e-09,1.32751885105835e-09,-6.84229962995425,8.76211020673585e-12
sub-002,cate,25,7,8,HbT,LeftFrontal,dct01,7.83368954328847e-09,1.81307551838372e-09,4.32066368105389,1.58676414861958e-05
sub-002,cate,25,7,8,HbT,LeftFrontal,dct02,-1.68403362381073e-08,1.73773888299267e-09,-9.69094747371103,5.21388360636214e-22
sub-002,cate,25,7,8,HbT,LeftFrontal,dct03,5.94238895967848e-09,1.65809725935678e-09,3.5838603110554,0.00034188526018935
sub-002,cate,26,8,6,HbO,RightFrontal,task,2.12823385421709e-09,9.00240687656636e-11,23.6407205694843,4.98445715845834e-117
sub-002,cate,26,8,6,HbO,RightFrontal,intercept,-2.36030420914253e-08,2.17673639910825e-09,-10.8433166740331,4.38241918699322e-27
sub-002,cate,26,8,6,HbO,RightFrontal,dct01,-2.53190508873084e-09,2.97105070858062e-09,-0.852191812619861,0.39414977896268
sub-002,cate,26,8,6,HbO,RightFrontal,dct02,-1.00025054821816e-08,2.85056372534291e-09,-3.50895698042266,0.000453958208555555
sub-002,cate,26,8,6,HbO,RightFrontal,dct03,-2.02548426236566e-08,2.72333067045804e-09,-7.43752598366982,1.20677677670006e-13
sub-002,cate,27,8,6,HbR,RightFrontal,task,9.43787826011657e-10,4.20004091269746e-11,22.4709198226717,1.86874950673278e-106
sub-002,cate,27,8,6,HbR,RightFrontal,intercept,-1.45318094603184e-08,1.71590413627843e-09,-8.46889354310667,3.24605939894442e-17
sub-002,cate,27,8,6,HbR,RightFrontal,dct01,1.85981085384656e-08,2.35769593223616e-09,7.88825576876924,3.75978578809666e-15
sub-002,cate,27,8,6,HbR,RightFrontal,dct02,-6.58478869266711e-09,2.12366482564904e-09,-3.10067229684169,0.00194191300069394
sub-002,cate,27,8,6,HbR,RightFrontal,dct03,5.01615408856544e-09,1.96107346635137e-09,2.55786138287727,0.0105619849101185
sub-002,cate,28,8,6,HbT,RightFrontal,task,3.60017624775348e-09,1.17190730399567e-10,30.7206571328512,1.65999096440121e-189
sub-002,cate,28,8,6,HbT,RightFrontal,intercept,-3.54972415106804e-08,2.4871067935955e-09,-14.2725039399549,2.66317989941511e-45
sub-002,cate,28,8,6,HbT,RightFrontal,dct01,8.47546611608309e-09,3.36802437200351e-09,2.51645035188429,0.0118864186841927
sub-002,cate,28,8,6,HbT,RightFrontal,dct02,-1.25921759020293e-08,3.25942338412521e-09,-3.86331397245247,0.000113320589340089
sub-002,cate,28,8,6,HbT,RightFrontal,dct03,-1.31796873033913e-08,3.15271803253434e-09,-4.18042056643954,2.9610532166138e-05
sub-002,cate,29,8,7,HbO,RightFrontal,task,1.74422810806734e-09,3.4188641933515e-11,51.0177652408437,0
sub-002,cate,29,8,7,HbO,RightFrontal,intercept,-9.03193801499614e-09,1.72482156595924e-09,-5.23644775392934,1.706243302542e-07
sub-002,cate,29,8,7,HbO,RightFrontal,dct01,-1.18133985472669e-08,2.3659212249067e-09,-4.99314957019872,6.14879966691454e-07
sub-002,cate,29,8,7,HbO,RightFrontal,dct02,-2.44187034527045e-09,2.01711964581454e-09,-1.21057288313921,0.22611821785306
sub-002,cate,29,8,7,HbO,RightFrontal,dct03,-2.42829932038387e-08,1.83691796723266e-09,-13.2194216818628,3.21660007085777e-39
sub-002,cate,30,8,7,HbR,RightFrontal,task,1.35268581682061e-09,3.36557344984226e-11,40.1918376460929,4.46475603124816e-305
sub-002,cate,30,8,7,HbR,RightFrontal,intercept,-8.43499456004947e-09,1.16513785121392e-09,-7.23948205035254,5.21263123060452e-13
sub-002,cate,30,8,7,HbR,RightFrontal,dct01,1.04174264027397e-08,1.60185780274745e-09,6.50334029953974,8.64802009025112e-11
sub-002,cate,30,8,7,HbR,RightFrontal,dct02,-8.00754667017269e-09,1.4777265859552e-09,-5.41882831795749,6.2897379369708e-08
sub-002,cate,30,8,7,HbR,RightFrontal,dct03,3.22075646599853e-08,1.37058368555583e-09,23.4991595182485,9.99749501873294e-116
sub-002,cate,31,8,7,HbT,RightFrontal,task,3.43478043222646e-09,3.93342008498469e-11,87.3230002902123,0
sub-002,cate,31,8,7,HbT,RightFrontal,intercept,-3.00871778146281e-08,1.71794722088964e-09,-17.5134471238571,1.23301136782144e-66
sub-002,cate,31,8,7,HbT,RightFrontal,dct01,7.25633112397762e-09,2.35962114114541e-09,3.07521025195394,0.00211526847861507
sub-002,cate,31,8,7,HbT,RightFrontal,dct02,-1.80043487920324e-08,2.08102552309581e-09,-8.65167129966212,6.80891992180784e-18
sub-002,cate,31,8,7,HbT,RightFrontal,dct03,6.56774130558388e-09,1.90654826828084e-09,3.44483347988148,0.000576260804037455
sub-002,cate,32,9,9,HbO,LeftTemporal,task,-3.25936086292148e-09,1.12218041698689e-10,-29.044891655417,3.99084344019655e-171
sub-002,cate,32,9,9,HbO,LeftTemporal,intercept,4.19952345704333e-08,3.57688204734281e-09,11.7407378869624,2.09240027898497e-31
sub-002,cate,32,9,9,HbO,LeftTemporal,dct01,-1.67592746902967e-08,4.91924902559403e-09,-3.40687666005543,0.000662459110784633
sub-002,cate,32,9,9,HbO,LeftTemporal,dct02,1.4515860300106e-08,4.60125121177395e-09,3.15476370056952,0.00161611783552067
sub-002,cate,32,9,9,HbO,LeftTemporal,dct03,-2.15795328501152e-08,4.31687349144694e-09,-4.99888006745413,5.96978184681975e-07
sub-002,cate,33,9,9,HbR,LeftTemporal,task,-6.46143737287973e-10,3.65606811235842e-11,-17.6731865334742,8.71141740177889e-68
sub-002,cate,33,9,9,HbR,LeftTemporal,intercept,5.06681830767755e-09,4.21553026733676e-09,1.20194091522408,0.229445188476696
sub-002,cate,33,9,9,HbR,LeftTemporal,dct01,-1.00723020208323e-08,5.57026468007808e-09,-1.80822682571182,0.0706332092895066
sub-002,cate,33,9,9,HbR,LeftTemporal,dct02,-1.33961363831908e-08,3.72554332555717e-09,-3.59575374987416,0.000326676974979246
sub-002,cate,33,9,9,HbR,LeftTemporal,dct03,2.22991558706366e-08,3.2665949058551e-09,6.8264221653769,9.77788614265836e-12
sub-002,cate,34,12,12,HbR,RightTemporal,task,3.69584382080959e-09,6.40213107247677e-11,57.7283373140905,0
sub-002,cate,34,12,12,HbR,RightTemporal,intercept,-2.44625003465305e-08,2.48741663561546e-09,-9.83450058034921,1.30053865898511e-22
sub-002,cate,34,12,12,HbR,RightTemporal,dct01,-2.24051675219256e-08,3.41892609027324e-09,-6.55327635940062,6.21469422881596e-11
sub-002,cate,34,12,12,HbR,RightTemporal,dct02,2.27840091891232e-08,3.09362000162992e-09,7.36483769083439,2.07362264644748e-13
sub-002,cate,34,12,12,HbR,RightTemporal,dct03,-9.58453210002354e-09,2.84785831287432e-09,-3.36552280592568,0.0007699321549767
sub-002,cate,35,12,12,HbT,RightTemporal,task,-2.73587254187346e-12,5.50894378702891e-11,-0.0496623789902379,0.960393484597161
sub-002,cate,35,12,12,HbT,RightTemporal,intercept,1.35565584767963e-08,9.31238054121046e-09,1.45575649714956,0.145524763862853
sub-002,cate,35,12,12,HbT,RightTemporal,dct01,-1.00529480629732e-07,1.18961288650706e-08,-8.45060454286996,3.78854817337662e-17
sub-002,cate,35,12,12,HbT,RightTemporal,dct02,2.41128443387267e-09,7.13745551394646e-09,0.337835301272431,0.735501948116008
sub-002,cate,35,12,12,HbT,RightTemporal,dct03,-6.80473806384174e-08,6.23165054843284e-09,-10.9196400070171,1.93513682317769e-27
sub-002,cate,36,12,16,HbO,RightTemporal,task,2.92623417977059e-10,3.79845066193498e-11,7.70375724264357,1.59193670634337e-14
sub-002,cate,36,12,16,HbO,RightTemporal,intercept,-5.10778915746821e-08,1.12551241167187e-08,-4.53818998751063,5.81126079903833e-06
sub-002,cate,36,12,16,HbO,RightTemporal,dct01,1.34780506229313e-07,1.28643674263178e-08,10.4770410983116,2.05534793666475e-25
sub-002,cate,36,12,16,HbO,RightTemporal,dct02,-4.76073526781805e-08,6.91841058689518e-09,-6.88125575668466,6.68789046983265e-12
sub-002,cate,36,12,16,HbO,RightTemporal,dct03,6.41156142338509e-08,5.87613393404937e-09,10.9111900704529,2.11899308403228e-27
sub-002,cate,37,13,9,HbO,LeftTemporal,task,-8.65087089111128e-10,7.25800652802257e-11,-11.9190728993023,2.65387492829608e-32
sub-002,cate,37,13,9,HbO,LeftTemporal,intercept,1.29255762010403e-08,1.81145487588129e-09,7.13546684112228,1.10740804405223e-12
sub-002,cate,37,13,9,HbO,LeftTemporal,dct01,7.73138217872935e-09,2.47589912146709e-09,3.12265637630185,0.0018028381900237
sub-002,cate,37,13,9,HbO,LeftTemporal,dct02,1.01185305717553e-08,2.36981241477536e-09,4.26976013319368,1.99428268776089e-05
sub-002,cate,37,13,9,HbO,LeftTemporal,dct03,-2.13161685126296e-09,2.25711276843466e-09,-0.94439980185007,0.345012493930878
sub-002,cate,38,13,9,HbR,LeftTemporal,task,-1.52156337069022e-09,1.97164631546955e-11,-77.1722270242904,0
sub-002,cate,38,13,9,HbR,LeftTemporal,intercept,2.48194768761452e-08,2.32296723976823e-09,10.6843852342152,2.36300587994096e-26
sub-002,cate,38,13,9,HbR,LeftTemporal,dct01,-1.91103735524232e-08,3.08908205040029e-09,-6.18642471796657,6.66104351515959e-10
sub-002,cate,38,13,9,HbR,LeftTemporal,dct02,7.82953637041515e-09,2.03974278566203e-09,3.83849200274237,0.000125370628161084
sub-002,cate,38,13,9,HbR,LeftTemporal,dct03,7.25321592117504e-09,1.80348836657105e-09,4.02177028453224,5.86416749155713e-05
sub-002,cate,39,13,9,HbT,LeftTemporal,task,-2.96724624393084e-09,1.01793031166752e-10,-29.1497974853509,2.96025391971162e-172
sub-002,cate,39,13,9,HbT,LeftTemporal,intercept,3.35136646201843e-08,2.29985147427907e-09,14.5720995442498,4.14565993850877e-47
sub-002,cate,39,13,9,HbT,LeftTemporal,dct01,1.4136591965217e-09,3.12800675269483e-09,0.451936107651881,0.651335250587956
sub-002,cate,39,13,9,HbT,LeftTemporal,dct02,1.36364198500765e-08,3.0160353497196e-09,4.52130637372809,6.29256036198684e-06
sub-002,cate,39,13,9,HbT,LeftTemporal,dct03,1.61378314690091e-08,2.8987371078655e-09,5.56719387391853,2.72835266690764e-08
sub-002,cate,40,13,13,HbO,LeftTemporal,task,1.16873910603779e-09,6.33655254877586e-11,18.4444001220124,1.80331009099858e-73
sub-002,cate,40,13,13,HbO,LeftTemporal,intercept,-7.94545896918882e-11,3.09790130301601e-09,-0.0256478763911988,0.979539255468738
sub-002,cate,40,13,13,HbO,LeftTemporal,dct01,-1.26842553793101e-09,4.24710942870288e-09,-0.298656194106681,0.76521519768604
sub-002,cate,40,13,13,HbO,LeftTemporal,dct02,9.27811749740243e-09,3.6676185140648e-09,2.52973897416598,0.0114461919383274
sub-002,cate,40,13,13,HbO,LeftTemporal,dct03,-1.84480859871971e-08,3.35042246594722e-09,-5.50619695715941,3.85595811154236e-08
sub-002,cate,41,13,13,HbR,LeftTemporal,task,1.13512663571216e-10,5.5960752368947e-11,2.02843347821402,0.0425706422422991
sub-002,cate,41,13,13,HbR,LeftTemporal,intercept,-7.57242420762352e-10,1.72868857495578e-09,-0.43804444116357,0.661373604156449
sub-002,cate,41,13,13,HbR,LeftTemporal,dct01,8.98988834933718e-09,2.37690400447591e-09,3.78218402274912,0.00015733267177534
sub-002,cate,41,13,13,HbR,LeftTemporal,dct02,-4.13286111074696e-09,2.23179477990656e-09,-1.85181054636215,0.064113854792885
sub-002,cate,41,13,13,HbR,LeftTemporal,dct03,1.73785991442443e-08,2.09850483959657e-09,8.28141961663775,1.55897773791697e-16
sub-002,cate,42,13,13,HbT,LeftTemporal,task,1.00262992072941e-09,5.56586963831115e-11,18.0138951481738,2.85083367087099e-70
sub-002,cate,42,13,13,HbT,LeftTemporal,intercept,-4.46956926255208e-09,1.97213006500905e-09,-2.26636637301687,0.0234728915188112
sub-002,cate,42,13,13,HbT,LeftTemporal,dct01,-8.64162220968202e-10,2.71106149666146e-09,-0.31875419352618,0.749926661805899
sub-002,cate,42,13,13,HbT,LeftTemporal,dct02,9.25549073407956e-09,2.48971848416809e-09,3.71748484534876,0.000203488980173222
sub-002,cate,42,13,13,HbT,LeftTemporal,dct03,1.08872796119124e-09,2.30697305530696e-09,0.471929205539153,0.636998582391809
sub-002,cate,43,13,17,HbO,LeftTemporal,task,2.8807960723915e-09,7.17295245512704e-11,40.1619290022254,1.10013738803582e-304
sub-002,cate,43,13,17,HbO,LeftTemporal,intercept,-3.00221583687485e-08,2.65191264363058e-09,-11.3209454469989,2.40904000765147e-29
sub-002,cate,43,13,17,HbO,LeftTemporal,dct01,1.00720456046101e-08,3.64579332818385e-09,2.76264853708191,0.00575508786161331
sub-002,cate,43,13,17,HbO,LeftTemporal,dct02,-3.27004220179118e-09,3.32899045807891e-09,-0.982292452612873,0.326004859808047
sub-002,cate,43,13,17,HbO,LeftTemporal,dct03,-3.58005650111466e-08,3.07373124580047e-09,-11.6472658629669,6.10444742066457e-31
sub-002,cate,44,13,17,HbR,LeftTemporal,task,-1.02204666057366e-09,4.76321571100213e-11,-21.4570727547133,1.21392184212197e-97
sub-002,cate,44,13,17,HbR,LeftTemporal,intercept,1.37831682592329e-08,2.59639214486517e-09,5.30858494796003,1.15414424147438e-07
sub-002,cate,44,13,17,HbR,LeftTemporal,dct01,-5.83804908379972e-09,3.55261391834978e-09,-1.64331087418347,0.100383542915448
sub-002,cate,44,13,17,HbR,LeftTemporal,dct02,7.74929843048098e-09,2.98754605096452e-09,2.59386744113254,0.00951888685389724
sub-002,cate,44,13,17,HbR,LeftTemporal,dct03,1.29298630161678e-08,2.71739196529023e-09,4.75818843263078,2.01019907953281e-06
sub-002,cate,45,13,17,HbT,LeftTemporal,task,5.49243325752069e-10,7.30083222618358e-11,7.52302352302073,6.3431449045809e-14
sub-002,cate,45,13,17,HbT,LeftTemporal,intercept,-4.78708183779406e-09,2.34623714794904e-09,-2.04032309435501,0.0413722869672107
sub-002,cate,45,13,17,HbT,LeftTemporal,dct01,3.50213286174161e-09,3.22460914570821e-09,1.08606429601019,0.277504601326901
sub-002,cate,45,13,17,HbT,LeftTemporal,dct02,2.05474940745991e-08,3.00583112185918e-09,6.83587774614895,9.1598525895719e-12
sub-002,cate,45,13,17,HbT,LeftTemporal,dct03,-2.664873682183e-08,2.80343178645015e-09,-9.50575539259831,3.0393072976395e-21
sub-002,cate,46,16,12,HbO,RightTemporal,task,5.8770026420908e-10,6.96876212190007e-11,8.43335235051531,4.38186178574263e-17
sub-002,cate,46,16,12,HbO,RightTemporal,intercept,-9.51022223730668e-09,3.10407347620526e-09,-3.063787732542,0.00219755747646747
sub-002,cate,46,16,12,HbO,RightTemporal,dct01,2.41479125753898e-09,4.26025268645772e-09,0.566818786410251,0.570863573500307
sub-002,cate,46,16,12,HbO,RightTemporal,dct02,-4.25893266757453e-09,3.75712348901049e-09,-1.13356206683965,0.257034402295376
sub-002,cate,46,16,12,HbO,RightTemporal,dct03,-2.88991548532738e-08,3.44948377476778e-09,-8.37782020158054,6.9857941619788e-17
sub-002,cate,47,16,12,HbR,RightTemporal,task,6.78471392864245e-11,4.35523164171334e-11,1.55783078531579,0.119338706873567
sub-002,cate,47,16,12,HbR,RightTemporal,intercept,3.84604520749648e-09,4.41617198587541e-09,0.870900232100921,0.383851796779072
sub-002,cate,47,16,12,HbR,RightTemporal,dct01,-1.2875295858843e-08,5.89262840452428e-09,-2.18498350395852,0.0289378198787317
sub-002,cate,47,16,12,HbR,RightTemporal,dct02,5.50859820088558e-09,4.12101315770784e-09,1.33670968523419,0.181380208787215
sub-002,cate,47,16,12,HbR,RightTemporal,dct03,2.01529767850011e-10,3.66852953971041e-09,0.0549347540120719,0.956192709948532
sub-002,cate,48,16,12,HbT,RightTemporal,task,1.25344725934506e-09,7.79632732414316e-11,16.0774067997821,1.05456989430768e-56
sub-002,cate,48,16,12,HbT,RightTemporal,intercept,-1.93499732177212e-08,2.75367883236868e-09,-7.02695353948617,2.40406844817235e-12
sub-002,cate,48,16,12,HbT,RightTemporal,dct01,2.20363823169239e-10,3.78655037592011e-09,0.0581964588588609,0.953594542319249
sub-002,cate,48,16,12,HbT,RightTemporal,dct02,-1.23629542700524e-08,3.48788245927738e-09,-3.5445444089345,0.000397006136078728
sub-002,cate,48,16,12,HbT,RightTemporal,dct03,-3.07055783909242e-08,3.22884173029595e-09,-9.50978120197605,2.92603348820381e-21
sub-002,cate,49,16,16,HbO,RightTemporal,task,4.40702966700341e-10,3.87501839176488e-11,11.3729258069307,1.35025193887177e-29
sub-002,cate,49,16,16,HbO,RightTemporal,intercept,1.81818062109862e-09,6.83419827446838e-09,0.266041538170042,0.79021854343357
sub-002,cate,49,16,16,HbO,RightTemporal,dct01,4.59422783417916e-09,8.67964166571194e-09,0.529310772393773,0.596614144013554
sub-002,cate,49,16,16,HbO,RightTemporal,dct02,8.15370765543671e-09,5.1562238668269e-09,1.58133313564883,0.113867187817504
sub-002,cate,49,16,16,HbO,RightTemporal,dct03,3.46622416226975e-09,4.49419575400989e-09,0.771266841053163,0.440586409663576
sub-002,cate,50,16,16,HbT,RightTemporal,task,-4.01970158950566e-10,6.12678153547075e-11,-6.56086979147821,5.90892897872633e-11
sub-002,cate,50,16,16,HbT,RightTemporal,intercept,6.43621610602895e-10,9.33996945831942e-09,0.0689104620175819,0.945063735723885
sub-002,cate,50,16,16,HbT,RightTemporal,dct01,3.11465732117302e-08,1.18919474934586e-08,2.61913141046604,0.00884287868894182
sub-002,cate,50,16,16,HbT,RightTemporal,dct02,-5.05095621329384e-08,7.36680734629136e-09,-6.85637071239093,7.94886088726323e-12
sub-002,cate,50,16,16,HbT,RightTemporal,dct03,1.52239589358002e-08,6.36222384478715e-09,2.39286754241975,0.0167551412735392
sub-002,cate,51,16,20,HbO,RightTemporal,task,-1.19188034417691e-09,1.13356219640325e-10,-10.5144680014798,1.39505457836967e-25
sub-002,cate,51,16,20,HbO,RightTemporal,intercept,6.34924353225461e-09,2.92024947394828e-09,2.1742127132961,0.0297374253018191
sub-002,cate,51,16,20,HbO,RightTemporal,dct01,2.54051087685361e-09,3.99561239572607e-09,0.635825156506943,0.524920432487089
sub-002,cate,51,16,20,HbO,RightTemporal,dct02,7.13537496762648e-09,3.81352876926093e-09,1.87106887068517,0.0613957864517129
sub-002,cate,51,16,20,HbO,RightTemporal,dct03,-4.08503527325726e-10,3.62238657117917e-09,-0.112771930686776,0.910216046349585
sub-002,cate,52,16,20,HbR,RightTemporal,task,-9.72793801377726e-10,4.27872324366937e-11,-22.7356093390016,8.2529520250673e-109
sub-002,cate,52,16,20,HbR,RightTemporal,intercept,1.08315696367637e-08,1.29181276009555e-09,8.3847829742466,6.59003841746406e-17
sub-002,cate,52,16,20,HbR,RightTemporal,dct01,-1.05381735551328e-08,1.77581148687253e-09,-5.93428617453762,3.1566900851243e-09
sub-002,cate,52,16,20,HbR,RightTemporal,dct02,-5.94604350922693e-10,1.67184761196643e-09,-0.355657026792843,0.722112920824561
sub-002,cate,52,16,20,HbR,RightTemporal,dct03,-1.0460866844626e-08,1.57383634555495e-09,-6.64673101124592,3.32731641211246e-11
sub-002,cate,53,16,20,HbT,RightTemporal,task,-1.75871837671847e-09,9.14182595066599e-11,-19.2381520520017,1.54119535339832e-79
sub-002,cate,53,16,20,HbT,RightTemporal,intercept,9.32798988416414e-09,2.63243832873073e-09,3.54347898006096,0.000398609518056818
sub-002,cate,53,16,20,HbT,RightTemporal,dct01,-7.92570805498839e-09,3.6121457889919e-09,-2.19418277056872,0.0282696093562245
sub-002,cate,53,16,20,HbT,RightTemporal,dct02,-1.26808696499857e-09,3.40944449347247e-09,-0.371933600158729,0.709958559881877
sub-002,cate,53,16,20,HbT,RightTemporal,dct03,-4.82242000172393e-09,3.20877244649292e-09,-1.50288625389896,0.132933578784482
sub-002,cate,54,17,13,HbO,LeftTemporal,task,1.30036378482772e-09,5.75632591049787e-11,22.5901695811947,1.63431358548551e-107
sub-002,cate,54,17,13,HbO,LeftTemporal,intercept,-1.08737621537796e-08,2.4839895010035e-09,-4.37753949820912,1.22554763272807e-05
sub-002,cate,54,17,13,HbO,LeftTemporal,dct01,8.48459764552471e-09,3.41138761993371e-09,2.48713971873111,0.0129108942030941
sub-002,cate,54,17,13,HbO,LeftTemporal,dct02,-1.42003942306345e-08,3.02420767892876e-09,-4.69557508552607,2.73202519460394e-06
sub-002,cate,54,17,13,HbO,LeftTemporal,dct03,-7.50814071724603e-09,2.7657915409016e-09,-2.71464447201198,0.00665820766651723
sub-002,cate,55,17,13,HbR,LeftTemporal,task,-2.50252968511003e-10,3.21358580292182e-11,-7.78734360487499,8.31207667357601e-15
sub-002,cate,55,17,13,HbR,LeftTemporal,intercept,-5.4206368931453e-09,4.81934990657721e-09,-1.12476516505836,0.260744300929205
sub-002,cate,55,17,13,HbR,LeftTemporal,dct01,7.05749767370747e-09,6.16677230794437e-09,1.14443947680955,0.252497982003967
sub-002,cate,55,17,13,HbR,LeftTemporal,dct02,-1.00228123700912e-08,3.83244177823044e-09,-2.61525496017296,0.00894373519253165
sub-002,cate,55,17,13,HbR,LeftTemporal,dct03,-5.29579951547239e-10,3.31594275806418e-09,-0.159707205517746,0.87311838464701
sub-002,cate,56,17,13,HbT,LeftTemporal,task,3.55619891976892e-10,5.11645260735267e-11,6.95051668153524,4.12244297400201e-12
sub-002,cate,56,17,13,HbT,LeftTemporal,intercept,-2.36782704005802e-08,6.42285511756888e-09,-3.6865646145141,0.000229789732843432
sub-002,cate,56,17,13,HbT,LeftTemporal,dct01,2.70695604516349e-08,8.45969331750511e-09,3.19982763389561,0.00138397107945576
sub-002,cate,56,17,13,HbT,LeftTemporal,dct02,-3.03753738583323e-08,5.49817869602968e-09,-5.52462470531685,3.47462760243644e-08
sub-002,cate,56,17,13,HbT,LeftTemporal,dct03,1.66806066647154e-08,4.82778717838807e-09,3.45512468722467,0.000554758805106767
sub-002,cate,57,17,17,HbO,LeftTemporal,task,3.03994046113231e-09,6.41960090222996e-11,47.3540412781164,0
sub-002,cate,57,17,17,HbO,LeftTemporal,intercept,-2.67152962944728e-08,3.12416449197626e-09,-8.55118107996081,1.61318815573013e-17
sub-002,cate,57,17,17,HbO,LeftTemporal,dct01,1.48885349970432e-08,4.28184660482571e-09,3.47712946565241,0.000511266917825669
sub-002,cate,57,17,17,HbO,LeftTemporal,dct02,-2.32225630783309e-08,3.71442900546175e-09,-6.25198732946145,4.40080023516911e-10
sub-002,cate,57,17,17,HbO,LeftTemporal,dct03,-6.46974365366311e-09,3.3974226471051e-09,-1.90430933259832,0.0569291076744264
sub-002,cate,58,17,17,HbR,LeftTemporal,task,-6.34191748937444e-10,2.57704829727742e-11,-24.6092302425007,4.20423096999375e-126
sub-002,cate,58,17,17,HbR,LeftTemporal,intercept,8.67093758830719e-09,8.31957696631317e-10,10.4223299134279,3.61315708234021e-25
sub-002,cate,58,17,17,HbR,LeftTemporal,dct01,-3.53928287008438e-09,1.14312996088194e-09,-3.09613341544628,0.00197182653947299
sub-002,cate,58,17,17,HbR,LeftTemporal,dct02,4.30841691830708e-09,1.06342428340786e-09,4.05145621134423,5.16967190110973e-05
sub-002,cate,58,17,17,HbR,LeftTemporal,dct03,-3.82683712808699e-09,9.92178185960646e-10,-3.85700591107209,0.000116274849924762
sub-002,cate,59,17,17,HbT,LeftTemporal,task,3.7274703277737e-09,8.77001895727871e-11,42.5024204158655,0
sub-002,cate,59,17,17,HbT,LeftTemporal,intercept,-2.7820341395933e-08,2.48704088544883e-09,-11.1861214500751,1.06899340207064e-28
sub-002,cate,59,17,17,HbT,LeftTemporal,dct01,9.15695962523308e-09,3.41652714204689e-09,2.68019519369222,0.0073828314264561
sub-002,cate,59,17,17,HbT,LeftTemporal,dct02,-1.14179160492077e-08,3.23912236728874e-09,-3.52500299603219,0.000427394945964178
sub-002,cate,59,17,17,HbT,LeftTemporal,dct03,-8.21489255937642e-09,3.06699296678045e-09,-2.67848431618673,0.00742059729694078
sub-002,cate,60,20,16,HbO,RightTemporal,task,1.24107643330164e-09,8.16058566126337e-11,15.2081784913156,4.64324305447048e-51
sub-002,cate,60,20,16,HbO,RightTemporal,intercept,6.08170563519909e-09,8.781434486517e-09,0.692564027498802,0.488616397472342
sub-002,cate,60,20,16,HbO,RightTemporal,dct01,-1.2457518020836e-08,1.17395379404972e-08,-1.0611591430581,0.28867049844526
sub-002,cate,60,20,16,HbO,RightTemporal,dct02,2.96736753527113e-08,8.00669850800548e-09,3.70610624629392,0.000212820162538742
sub-002,cate,60,20,16,HbO,RightTemporal,dct03,-6.6328317764867e-09,7.13598791865459e-09,-0.929490331555557,0.352681358917351
sub-002,cate,61,20,16,HbR,RightTemporal,task,-9.94386097259194e-10,5.59316689202435e-11,-17.7785879888039,1.49867919633944e-68
sub-002,cate,61,20,16,HbR,RightTemporal,intercept,-2.52122918764005e-08,1.07876808015095e-08,-2.33713736439742,0.0194725815694342
sub-002,cate,61,20,16,HbR,RightTemporal,dct01,4.23549926445337e-08,1.33652127525235e-08,3.16904739406687,0.00153891739105938
sub-002,cate,61,20,16,HbR,RightTemporal,dct02,-1.53403231747124e-08,7.78795345845839e-09,-1.96975023753532,0.0489239022857609
sub-002,cate,61,20,16,HbR,RightTemporal,dct03,-1.05124476375592e-08,6.71035964357706e-09,-1.56659973472828,0.117273612668938
sub-002,cate,62,20,16,HbT,RightTemporal,task,3.06364941856017e-09,3.14594956882609e-10,9.73839329440798,3.30198076686903e-22
sub-002,cate,62,20,16,HbT,RightTemporal,intercept,-4.69306992735097e-08,7.09420922195514e-09,-6.61535314299283,4.10767530291165e-11
sub-002,cate,62,20,16,HbT,RightTemporal,dct01,-5.01990353904293e-09,9.6615050784119e-09,-0.519577798521229,0.603381620444124
sub-002,cate,62,20,16,HbT,RightTemporal,dct02,-1.17959998075813e-08,9.32478862134534e-09,-1.26501524984482,0.205926725489149
sub-002,cate,62,20,16,HbT,RightTemporal,dct03,-7.50434346990668e-08,9.00252803621215e-09,-8.33581793882884,9.92160307076916e-17
sub-002,cate,63,20,20,HbO,RightTemporal,task,-1.24387444606117e-09,7.66601145367171e-11,-16.2258359980065,1.07490718944519e-57
sub-002,cate,63,20,20,HbO,RightTemporal,intercept,-6.65330988520005e-08,1.56832646249269e-08,-4.24229906484222,2.25372137360949e-05
sub-002,cate,63,20,20,HbO,RightTemporal,dct01,1.23699020483464e-07,1.94049062953085e-08,6.37462601472964,2.00462046817802e-10
sub-002,cate,63,20,20,HbO,RightTemporal,dct02,-5.39453103354465e-08,1.1167232551169e-08,-4.83067851307526,1.40266452557135e-06
sub-002,cate,63,20,20,HbO,RightTemporal,dct03,-1.42333628493662e-08,9.6462408052165e-09,-1.47553468099916,0.140133859522647
sub-002,cate,64,20,20,HbR,RightTemporal,task,2.32572705101182e-09,1.35170189947472e-10,17.2059168661049,1.90926585902781e-64
sub-002,cate,64,20,20,HbR,RightTemporal,intercept,-3.63981982223712e-08,3.43544112199428e-09,-10.5949125395699,6.03891261408898e-26
sub-002,cate,64,20,20,HbR,RightTemporal,dct01,2.52671192729226e-08,4.70773199843708e-09,5.36715328767887,8.37202695586262e-08
sub-002,cate,64,20,20,HbR,RightTemporal,dct02,-7.15337899568566e-09,4.50823575427956e-09,-1.58673578436867,0.11263778133542
sub-002,cate,64,20,20,HbR,RightTemporal,dct03,-1.4501055951486e-08,4.31191362762483e-09,-3.36302097022147,0.000776927273024063
sub-002,cate,65,20,20,HbT,RightTemporal,task,6.05631644215058e-10,1.41965776017929e-10,4.26603975410647,2.02768550213386e-05
sub-002,cate,65,20,20,HbT,RightTemporal,intercept,-8.86809805789518e-08,1.0577920740697e-08,-8.38359283954217,6.656081003607e-17
sub-002,cate,65,20,20,HbT,RightTemporal,dct01,1.19431061408807e-07,1.43411273321799e-08,8.32787120861949,1.06005341968518e-16
sub-002,cate,65,20,20,HbT,RightTemporal,dct02,-7.85073649741983e-08,1.10103888594844e-08,-7.13029902722936,1.14934399058495e-12
sub-002,cate,65,20,20,HbT,RightTemporal,dct03,-2.60386101063918e-08,9.79391899513169e-09,-2.65865075250622,0.00787122534760646
